<?xml version="1.0" encoding="UTF-8"?>
<jcr:root xmlns:cq="http://www.day.com/jcr/cq/1.0" xmlns:jcr="http://www.jcp.org/jcr/1.0" xmlns:nt="http://www.jcp.org/jcr/nt/1.0"
    jcr:primaryType="cq:Dialog"
    title="bodex complex dialog"
    xtype="dialog">
    <items
        jcr:primaryType="cq:Widget"
        xtype="tabpanel">
        <items jcr:primaryType="cq:WidgetCollection">
            <tab1
                jcr:primaryType="cq:Panel"
                title="Tab 1">
                <items jcr:primaryType="cq:WidgetCollection">
                    <text
                        jcr:primaryType="cq:Widget"
                        defaultValue="This is some text"
                        hideLabel="{Boolean}true"
                        name="./text"
                        xtype="richtext">
                        <rtePlugins jcr:primaryType="nt:unstructured">
                            <table
                                jcr:primaryType="nt:unstructured"
                                features="*"/>
                        </rtePlugins>
                    </text>
                </items>
            </tab1>
            <items jcr:primaryType="cq:WidgetCollection">
                <tab1
                    jcr:primaryType="cq:Widget"
                    anchor="100%"
                    title="Text"
                    xtype="panel">
                    <items jcr:primaryType="cq:WidgetCollection">
                        <text
                            jcr:primaryType="cq:Widget"
                            editElementQuery="div.text"
                            hideLabel="{Boolean}true"
                            name="./text"
                            xtype="richtext">
                            <rtePlugins jcr:primaryType="nt:unstructured">
                                <links jcr:primaryType="nt:unstructured">
                                    <linkDialogConfig
                                        jcr:primaryType="nt:unstructured"
                                        height="{Long}316">
                                        <linkAttributes jcr:primaryType="cq:WidgetCollection">
                                            <linkAdvanced
                                                jcr:primaryType="cq:Widget"
                                                collapsed="{Boolean}true"
                                                collapsible="{Boolean}true"
                                                inputValue="advanced"
                                                name="./linkdialog/cq:adhocLinkTrackingTab"
                                                title="Link tracking"
                                                xtype="dialogfieldset">
                                                <items jcr:primaryType="cq:WidgetCollection">
                                                    <enable
                                                        jcr:primaryType="nt:unstructured"
                                                        attribute="enabletracking"
                                                        fieldDescription="override analytics framework settings"
                                                        fieldLabel="Custom link tracking"
                                                        name="./linkdialog/cq:adhocLinkTrackingEnableTracking"
                                                        xtype="checkbox">
                                                        <listeners
                                                            jcr:primaryType="nt:unstructured"
                                                            check="function(component){var dlg=component.findParentByType('rtelinkdialog');dlg.enableSCFields(component.checked);}"/>
                                                    </enable>
                                                    <events
                                                        jcr:primaryType="nt:unstructured"
                                                        attribute="adhocevents"
                                                        fieldDescription="e.g.: event2, event7"
                                                        fieldLabel="Include SiteCatalyst events"
                                                        name="./linkdialog/cq:adhocLinkTrackingEvents"
                                                        xtype="textfield"/>
                                                    <evars
                                                        jcr:primaryType="nt:unstructured"
                                                        attribute="adhocevars"
                                                        fieldDescription="e.g.: eVar1: pagedata.url, prop4: 'const'"
                                                        fieldLabel="Include SiteCatalyst variables"
                                                        name="./linkdialog/cq:adhocLinkTrackingEvars"
                                                        xtype="textfield"/>
                                                </items>
                                            </linkAdvanced>
                                        </linkAttributes>
                                    </linkDialogConfig>
                                </links>
                            </rtePlugins>
                        </text>
                        <richFlag
                            jcr:primaryType="cq:Widget"
                            ignoreData="{Boolean}true"
                            name="./textIsRich"
                            value="true"
                            xtype="hidden"/>
                    </items>
                </tab1>
                <tab2
                    jcr:primaryType="cq:Widget"
                    cropParameter="./image/imageCrop"
                    ddGroups="[media]"
                    fileNameParameter="./image/fileName"
                    fileReferenceParameter="./image/fileReference"
                    mapParameter="./image/imageMap"
                    name="./image/file"
                    requestSuffix="/image.img.png"
                    rotateParameter="./image/imageRotate"
                    sizeLimit="100"
                    title="Image"
                    xtype="html5smartimage"/>
                <tab3
                    jcr:primaryType="cq:Widget"
                    title="Advanced Image Properties"
                    xtype="panel">
                    <items jcr:primaryType="cq:WidgetCollection">
                        <title
                            jcr:primaryType="cq:Widget"
                            fieldLabel="Title"
                            name="./image/jcr:title"
                            xtype="textfield"/>
                        <alt
                            jcr:primaryType="cq:Widget"
                            fieldDescription="(leave empty to use the title defined above)"
                            fieldLabel="Alt Text"
                            name="./image/alt"
                            xtype="textfield"/>
                        <linkURL
                            jcr:primaryType="cq:Widget"
                            fieldDescription="Drop files or pages from the Content Finder"
                            fieldLabel="Link to"
                            name="./image/linkURL"
                            xtype="pathfield"/>
                        <description
                            jcr:primaryType="cq:Widget"
                            fieldLabel="Description"
                            name="./image/jcr:description"
                            xtype="textarea"/>
                        <size
                            jcr:primaryType="cq:Widget"
                            fieldLabel="Size"
                            heightParameter="./image/height"
                            widthParameter="./image/width"
                            xtype="sizefield"/>
                        <resType
                            jcr:primaryType="cq:Widget"
                            ignoreData="{Boolean}true"
                            name="./image/sling:resourceType"
                            value="foundation/components/image"
                            xtype="hidden"/>
                    </items>
                </tab3>
                <tab4
                    jcr:primaryType="cq:Widget"
                    xtype="componentstyles"/>
            </items>
        </items>
    </items>
</jcr:root>
