<?xml version="1.0" encoding="UTF-8"?>
<jcr:root xmlns:sling="http://sling.apache.org/jcr/sling/1.0" xmlns:cq="http://www.day.com/jcr/cq/1.0" xmlns:jcr="http://www.jcp.org/jcr/1.0" xmlns:nt="http://www.jcp.org/jcr/nt/1.0"
    jcr:primaryType="cq:Page">
    <jcr:content
        cq:lastModified="{Date}2015-07-17T12:38:44.685+05:30"
        cq:lastModifiedBy="admin"
        cq:template="/libs/wcm/core/templates/designpage"
        jcr:primaryType="cq:PageContent"
        jcr:title="Bodex"
        sling:resourceType="wcm/core/components/designer">
        <customPageComponent jcr:primaryType="nt:unstructured">
            <logo
                jcr:lastModified="{Date}2015-07-15T10:16:31.715+05:30"
                jcr:lastModifiedBy="admin"
                jcr:primaryType="nt:unstructured"
                sling:resourceType="Bodex-Training/Components/Logo"
                fileReference="/content/dam/bodex.png"
                imageRotate="0"/>
            <par
                jcr:lastModified="{Date}2015-07-17T12:38:44.683+05:30"
                jcr:lastModifiedBy="admin"
                jcr:primaryType="nt:unstructured"
                sling:resourceType="foundation/components/parsys"
                components="[group:General,group:bodex]">
                <section jcr:primaryType="nt:unstructured"/>
                <complex
                    jcr:lastModified="{Date}2015-07-16T13:32:47.050+05:30"
                    jcr:lastModifiedBy="admin"
                    jcr:primaryType="nt:unstructured"
                    sling:resourceType="Bodex-Training/Components/customPageComponent/complex"/>
            </par>
            <toptoolbar
                jcr:lastModified="{Date}2015-07-16T13:54:24.796+05:30"
                jcr:lastModifiedBy="admin"
                jcr:primaryType="nt:unstructured"
                sling:resourceType="foundation/components/toolbar"
                list="true"/>
            <toolbar
                jcr:lastModified="{Date}2015-07-16T13:55:08.523+05:30"
                jcr:lastModifiedBy="admin"
                jcr:primaryType="nt:unstructured"
                sling:resourceType="foundation/components/toolbar"
                list="true"/>
            <rightpar
                jcr:lastModified="{Date}2015-07-17T12:37:11.998+05:30"
                jcr:lastModifiedBy="admin"
                jcr:primaryType="nt:unstructured"
                sling:resourceType="foundation/components/iparsys"
                components="[group:General,group:bodex]">
                <section jcr:primaryType="nt:unstructured"/>
            </rightpar>
        </customPageComponent>
    </jcr:content>
    <favicon.ico/>
    <static.css/>
    <images/>
</jcr:root>
